,Sentence
0,1st family: a healthy queen observed workers are active abundant nectar and pollen collected with a full count of eggs and six honey frames filled.
1,2nd family: queenright with an extensive brood pattern workers exhibit high foraging behavior honey stores are high and seven honey frames are heavy with product.
2,3rd family: Queen’s presence confirmed strong brood development a significant amount of propolis bees actively foraging for nectar and all ten honey frames being filled.
3,4th family: Queen is laying well the worker population is high honey and beeswax levels are sufficient and there is steady nectar collection with seven honey frames completed.
4,5th family: Queen is healthy drone population is normal abundant forage activity noted a high volume of eggs present and five honey frames ready for harvest.
5,6th family: The queen is missing worker morale seems low reduced pollen intake minimal egg laying and only two honey frames showing progress.
6,7th family: Queen is vibrant strong scent of propolis workers bringing in ample nectar egg count satisfactory with all honey frames in active production.
7,8th family: Queen is old but active workers are steady good pollen reserves adequate egg laying observed and four honey frames fully capped.
8,9th family: New queen seen workers are energetic despite the rain honey stores are fair and nectar foraging is ongoing with five honey frames filled.
9,10th family: Queen’s health is excellent worker bees are efficiently foraging high beeswax production egg laying at peak with seven honey frames sealed.
10,11th family: an exceptionally healthy queen with workers displaying an impressive haul of nectar and pollen; the brood chamber is teeming with new eggs and almost all honey frames are nearing completion.
11,12th family: a queen in her prime workers in a frenzy of productivity ample stores of propolis and honey and a brood pattern so perfect it could be featured in a beekeeping manual.
12,13th family: a newly emerged queen already proving her worth workers efficiently managing the nectar flow despite the recent dry spell and honey frames well on their way to being filled to the brim.
13,14th family: Queen present strong brood ample pollen and nectar ten frames of honey.
14,15th family: Weak queen sparse brood low forage yield three honey frames.
15,16th family: Queen laying well high worker activity rich pollen eight honey frames capped.
16,17th family: No queen seen brood declining forage poor two honey frames half-filled.
17,18th family: Strong queen robust brood excellent pollen and nectar nine full honey frames.
18,19th family: Queen healthy brood good forage average four honey frames ready.
19,20th family: Queen absent replacing workers active six honey frames being filled.
20,21st family: Queen spotted brood expanding good pollen collection seven honey frames sealed.
21,22nd family: Queen vibrant full brood chamber high forage activity ten honey frames heavy.
22,23rd family: Old queen brood steady moderate foraging five honey frames completed.
23,24th family: New queen workers bustling abundant forage six full honey frames.
24,25th family: Queen present brood healthy foraging successful seven honey frames capped.
25,26th family: Queen unspotted brood fair forage low four honey frames stored.
26,27th family: Active queen strong brood good nectar flow eight honey frames filled.
27,28th family: Queen productive brood plentiful forage high nine honey frames ready.
28,29th family: Queen missing brood sparse pollen scarce two honey frames half-full.
29,30th family: Queen sighted workers energetic ample pollen five honey frames sealed.
30,31st family: Healthy queen brood expanding forage abundant seven honey frames stocked.
31,32nd family: Strong queen brood vibrant high nectar intake full ten honey frames.
32,33rd family: Queen aging steady brood moderate forage six honey frames processed.
33,34th family: Queen laying eggs brood area growing plentiful forage five frames of honey.
34,35th family: No queen detected brood suffering poor forage three honey frames used.
35,36th family: Queen healthy brood strong rich nectar sources eight frames well-stocked.
36,37th family: Queen visible brood stable good pollen harvest seven honey frames capped.
37,38th family: Queen active brood present forage adequate four honey frames filled.
38,39th family: Queen not found workers listless low forage two honey frames empty.
39,40th family: Queen productive brood excellent forage rich six honey frames sealed.
40,41st family: Queen reigning strong brood high nectar and pollen nine honey frames full.
41,42nd family: Queen prolific brood dense abundant forage ten honey frames harvested.
42,43rd family: Queen in decline brood okay forage moderate five honey frames completed.
43,44th family: Queen excellent brood numerous forage plentiful eight honey frames topped.
44,45th family: Queen absent brood dwindling forage limited three honey frames partial.
45,46th family: Queen spotted brood healthy good forage seven honey frames filled.
46,47th family: Queen strong brood expanding rich pollen sources nine frames capped.
47,48th family: Queen laying brood vibrant forage successful six frames with honey.
48,49th family: Queen unseen brood small low nectar yield two frames needing work.
49,50th family: Queen active brood stable forage good five honey frames sealed.
50,51st family: Queen present brood large forage excellent ten frames heavy with honey.
51,52nd family: Queen new brood growing pollen abundant four frames well-stocked.
52,53rd family: Queen old brood fair forage average seven honey frames ready.
53,54th family: Queen active worker bees numerous drone count normal eggs abundant propolis and six honey frames collected.
54,55th family: No queen workers agitated drones scarce few eggs some beeswax but only three frames of honey.
55,56th family: Queen laying profusely high worker and drone activity egg count high plenty of honey and beeswax across eight frames.
56,57th family: Queen present worker numbers strong drone population up eggs plentiful and seven honey frames along with substantial beeswax.
57,58th family: Queen seen workers busy normal amount of drones good egg production ample honey and propolis on five frames.
58,59th family: Queen not found worker bees sluggish drone numbers low egg count down but still five frames of honey.
59,60th family: Queen healthy workers efficient drones adequate many eggs laid high honey yield and beeswax on nine frames.
60,61st family: Queen excellent workers hard at work drone presence good egg count excellent and eight honey frames full.
61,62nd family: New queen workers active enough drones satisfactory egg count honey and propolis gathered on six frames.
62,63rd family: Aging queen stable worker population fewer drones moderate eggs beeswax and seven frames of honey noted.
63,64th family: Queen robust workers tireless drone count high eggs numerous rich in propolis with all ten honey frames stocked.
64,65th family: No queen worker count low drones absent eggs missing limited beeswax and only two honey frames filled.
65,66th family: Queen laying steadily workers foraging well drones healthy egg layers active abundant honey and seven frames capped.
66,67th family: Queen spotted workers present drone numbers fair eggs well-laid good beeswax production and five honey frames ready.
67,68th family: Queen missing worker bees restless drones dwindling egg production stalled and four honey frames at half capacity.
68,69th family: Queen newly mated worker bees thriving drones visible egg count up and nine honey frames nearing completion.
69,70th family: Queen in prime abundant worker bees drone activity normal eggs plentiful and six frames laden with honey.
70,71st family: Queen active workers efficient drone count stable eggs numerous beeswax and honey ample on eight frames.
71,72nd family: Queen seen workers industrious drone presence good egg laying on track with seven frames filled with honey.
72,73rd family: Queen vibrant workers and drones at peak numbers eggs abundant and seven honey frames well-stocked.
73,74th family: Queen present worker bee surge ample drones egg numbers peak copious honey but low beeswax on seven frames.
74,75th family: Queen's health declining workers sluggish drones sparse egg laying slow three frames with scant honey.
75,76th family: Queen prolific workers exceed expectations drone population optimal egg count high and honey abundant in ten frames.
76,77th family: Queen not found worker activity minimal drone count reduced egg laying uncertain honey production on five frames stalled.
77,78th family: Queen reigning well worker bees busy drones numerous eggs filling cells and propolis rich on eight honey frames.
78,79th family: Queen lethargic workers maintaining drone numbers low egg presence moderate with six frames half-filled with honey.
79,80th family: Queen recently replaced workers rallying drones emerging eggs increasing beeswax and honey ample on nine frames.
80,81st family: Queen active workers and drones constant eggs abound seven frames heavy with honey and beeswax.
81,82nd family: Queen vibrant workers industrious drones adequate robust egg production and seven frames filled to the brim with honey.
82,83rd family: Queen absent worker bees disoriented few drones seen eggs scarce and only four honey frames partially capped.
83,84th family: Queen effective workers busy good drone count high egg numbers plenty of beeswax and eight honey frames filled.
84,85th family: Queen missing workers slow drones barely present low egg production and three frames with minimal honey.
85,86th family: Queen recently emerged workers energized drones abundant eggs aplenty and honey thick across nine frames.
86,87th family: Queen robust worker activity high drone numbers strong eggs well laid and ten frames loaded with honey.
87,88th family: Queen ailing worker numbers dwindling few drones reduced egg laying and four honey frames barely capped.
88,89th family: Queen active abundant workers healthy drone population egg production excellent and seven frames full of honey.
89,90th family: Queen unseen workers managing drones limited eggs sporadic with five honey frames in progress.
90,91st family: Queen healthy workers thriving ample drones numerous eggs and eight frames densely packed with honey.
91,92nd family: Queen prolific worker bees buzzing drones in good number high egg count and seven honey frames capped.
92,93rd family: Queen old workers stable drones sufficient moderate egg laying and six frames filled with honey.
93,94th family: Queen vibrant workers actively foraging drone presence high eggs plentiful with ten honey frames well-stocked.
94,95th family: Queen not found workers disorganized few drones eggs scarce and only three honey frames filled.
95,96th family: Queen newly installed workers adapting drone count improving good egg production and eight frames nearing capacity.
96,97th family: Queen healthy strong worker activity ample drones high egg count and seven honey frames fully capped.
97,98th family: Queen aging workers maintaining drones sparse egg laying reduced and five honey frames partially filled.
98,99th family: Queen productive worker bees energetic drones plentiful eggs abounding and nine frames filled with honey.
99,100th family: Queen absent worker bees unsettled drone numbers low poor egg output and four honey frames incomplete.
100,101st family: Queen visible workers thriving drones active robust egg count and ten frames brimming with honey.
101,102nd family: Queen weak workers slow few drones eggs limited and only six honey frames partly filled.
102,103rd family: Queen efficient workers busy good drone population eggs numerous and eight honey frames topped up.
103,104th family: Queen missing workers lethargic drones declining low egg count and five honey frames barely utilized.
104,105th family: Queen laying well workers vibrant drones healthy eggs copious and seven frames densely packed with honey.
105,106th family: Queen absent workers doing minimal foraging drones scarce eggs sparse and three honey frames slowly filling.
106,107th family: Queen strong worker activity high adequate drones good egg production and nine honey frames ready for harvest.
107,108th family: Queen seen workers efficient drones sufficient eggs well-laid and six honey frames fully capped.
108,109th family: Queen energetic workers highly active drones numerous eggs prolific with eight honey frames capped.
109,110th family: Queen not seen workers distressed drone count low egg production stalling and only two honey frames filled.
110,111th family: Queen healthy workers buzzing efficiently drones ample high egg count and ten honey frames well-stocked.
111,112th family: Queen aging workers steady limited drones moderate eggs and seven honey frames nearly complete.
112,113th family: Queen newly emerged workers adjusting drones building good egg numbers and five honey frames capped.
113,114th family: Queen strong worker bees numerous drones healthy eggs abundant and nine frames heavy with honey.
114,115th family: Queen missing workers sluggish few drones eggs scarce and four honey frames underfilled.
115,116th family: Queen visible workers active drone population good eggs plentiful and eight honey frames filled.
116,117th family: Queen productive workers industrious drones sufficient high egg production and six frames capped.
117,118th family: Queen declining workers maintaining drones few egg count low and three honey frames only half full.
118,119th family: Queen robust workers bustling drones numerous eggs filling up cells and seven frames brimming with honey.
119,120th family: Queen absent worker morale low drones scarce minimal eggs and two honey frames barely touched.
121,122nd family: Queen laying well workers vibrant drones active eggs numerous and nine honey frames topped.
122,123rd family: Queen old workers steady drone numbers fair eggs moderate and five honey frames filled.
123,124th family: Queen efficient workers busy good drone activity plentiful eggs and eight frames ready.
124,125th family: Queen missing workers lethargic low drone count poor egg output and four frames lacking honey.
125,126th family: Queen visible and healthy workers thriving drones adequate eggs abundant and ten frames densely packed with honey.
126,127th family: Queen weak workers slow drones few limited egg production and six honey frames partially filled.
127,128th family: Queen vibrant workers active drones plenty eggs well-laid and eight honey frames capped.
128,129th family: Queen absent workers disorganized drones minimal eggs scarce and three honey frames underdeveloped.
129,130th family: Queen healthy workers energetic drones ample eggs numerous and seven honey frames fully capped.
130,131st family: Queen not visible workers distressed drone count low egg production halted and only two honey frames filled.
131,132nd family: Queen active workers bustling drones numerous eggs plentiful and ten honey frames well-stocked.
133,134th family: Newly emerged queen workers adjusting drones building good egg numbers and five honey frames capped.
134,135th family: Queen strong workers busy drones healthy eggs abundant and nine frames heavy with honey.
149,150th family: Queen healthy workers hardworking drones ample eggs prolific with eight honey frames perfectly capped.
150,151st family: No queen seen worker bees disoriented drones dwindling eggs few with only three frames somewhat full.
151,152nd family: Queen present worker bees excelling drone count optimal eggs copious and all frames teeming with honey.
152,153rd family: Queen robust strong worker activity drones numerous eggs abound and honey frames heavily laden.
153,154th family: Queen present workers active high drone count eggs numerous and eight honey frames topped up.
154,155th family: No queen detected workers disoriented few drones minimal egg laying and only two honey frames filled.
155,156th family: Queen healthy workers bustling drones numerous plentiful eggs and ten honey frames well-stocked.
156,157th family: Queen aging workers steady limited drones moderate egg production and seven honey frames nearly complete.
157,158th family: Newly emerged queen workers adjusting building drone numbers good egg production and five honey frames capped.
158,159th family: Queen strong workers busy healthy drones eggs abundant and nine frames heavy with honey.
159,160th family: Queen missing workers sluggish few drones scarce eggs and four honey frames underfilled.
160,161st family: Queen visible active workers good drone population plentiful eggs and eight honey frames filled.
161,162nd family: Queen productive workers industrious sufficient drones high egg production and six frames capped.
162,163rd family: Queen declining maintaining workers few drones low egg count and three honey frames only half full.
163,164th family: Queen robust bustling workers numerous drones eggs filling up cells and seven frames brimming with honey.
164,165th family: Queen absent low worker morale scarce drones minimal eggs and two honey frames barely touched.
165,166th family: Queen laying well vibrant workers active drones numerous eggs and nine honey frames topped.
166,167th family: Queen old steady workers fair drone numbers moderate eggs and five honey frames filled.
167,168th family: Queen efficient busy workers good drone activity plentiful eggs and eight frames ready.
168,169th family: Queen missing lethargic workers low drone count poor egg output and four frames lacking honey.
169,170th family: Queen visible and healthy thriving workers adequate drones abundant eggs and ten frames densely packed with honey.
170,171st family: Queen weak slow workers few drones limited egg production and six honey frames partially filled.
171,172nd family: Queen vibrant active workers plenty of drones well-laid eggs and eight honey frames capped.
172,173rd family: Queen absent disorganized workers minimal drones scarce eggs and three honey frames underdeveloped.
173,174th family: Queen healthy hardworking workers ample drones prolific eggs with eight honey frames perfectly capped.
174,175th family: No queen seen disoriented worker bees dwindling drones few eggs with only three frames somewhat full.
175,176th family: Queen present excelling worker bees optimal drone count copious eggs and all frames teeming with honey.
176,177th family: Queen robust strong worker activity numerous drones eggs abound and honey frames heavily laden.
177,178th family: Newly mated queen adjusting workers increasing drone activity beginning egg population with five frames nearing capacity.
178,179th family: Queen in decline managing workers few drones dwindling eggs with four frames only half full.
179,180th family: Queen energetic industrious workers well-counted drones numerous eggs with nine frames rich in honey.
180,181st family: Queen absent unmotivated workers sparse drones few eggs found and three frames barely capped.
181,182nd family: Queen laying efficiently active workers healthy drones plentiful eggs and seven honey frames well-stocked.
182,183rd family: Queen aging steady workers reduced drones moderate eggs with six frames filled with honey.
183,184th family: Queen productive busy workers ample drones high egg count and eight frames brimming with honey.
184,185th family: Queen not found minimal worker activity down drone count slow egg production and two frames needing attention.
185,186th family: Queen vibrant numerous worker bees adequate drones eggs filling up and ten honey frames topped off.
186,187th family: Queen struggling workers doing their best few drones low egg count with five frames partially filled.
187,188th family: Queen excellent performing well workers plentiful drones well-laid eggs and all seven honey frames capped and ready.
188,189th family: Queen recently seen active worker bees steady drone population plentiful eggs with nine honey frames nearly ready.
189,190th family: Queen missing lethargic workers disappearing drones scarce eggs and only three frames showing some honey.
190,191st family: Queen healthy efficient workers numerous drones prolific eggs and eight frames fully stocked with honey.
191,192nd family: Queen vibrant energetic workers active drones abundant eggs and ten frames filled to capacity.
192,193rd family: Queen absent disorganized workers scarce drones few eggs laid and five honey frames poorly stocked.
193,194th family: Queen observed workers efficient drones active high egg count and eight honey frames fully utilized.
194,195th family: Queen not visible workers distressed drone count low minimal eggs and three honey frames empty.
195,196th family: Queen strong workers active ample drones plentiful eggs and ten honey frames brimming.
196,197th family: Queen aging steady workers few drones moderate eggs and six honey frames nearing capacity.
197,198th family: New queen workers adapting increasing drone presence good egg numbers and seven honey frames capped.
198,199th family: Queen vibrant busy workers healthy drones eggs abundant and nine frames heavily laden with honey.
199,200th family: Queen missing sluggish workers scant drones eggs sparse and four honey frames underfilled.
200,201st family: Queen visible workers energetic sufficient drones numerous eggs and eight frames filled with honey.
201,202nd family: Queen productive industrious workers adequate drones high egg production and six frames fully capped.
202,203rd family: Queen in decline maintaining workers few drones low egg count and five honey frames half full.
203,204th family: Queen robust bustling workers numerous drones eggs filling up cells and eight frames overflowing with honey.
204,205th family: Queen absent low worker morale minimal drones few eggs and three honey frames barely used.
205,206th family: Queen laying well vibrant workers active drones plenty of eggs and ten honey frames topped.
206,207th family: Queen old steady workers fair drone numbers moderate eggs and seven honey frames well-stocked.
207,208th family: Queen efficient busy workers good drone activity plentiful eggs and eight frames ready for harvest.
208,209th family: Queen missing lethargic workers reduced drone count poor egg output and four frames lacking honey.
209,210th family: Queen visible and healthy thriving workers ample drones abundant eggs and ten frames densely packed with honey.
210,211th family: Queen weak slow workers few drones limited eggs and six frames partially filled with honey.
211,212th family: Queen vibrant active workers many drones eggs well-laid and nine honey frames capped.
212,213th family: Queen absent disorganized workers minimal drones scarce eggs and five frames underdeveloped.
213,214th family: Queen healthy hardworking workers plentiful drones prolific eggs with eight frames perfectly capped.
214,215th family: No queen seen disoriented worker bees dwindling drones few eggs and only four frames somewhat full.
215,216th family: Queen observed workers active drones plentiful eggs numerous and nine honey frames full.
216,217th family: Queen absent workers listless few drones minimal egg laying and four honey frames underutilized.
217,218th family: Queen healthy workers bustling ample drones good egg production and ten frames well-stocked with honey.
218,219th family: Queen aging workers steady limited drone activity moderate eggs and eight honey frames nearly filled.
219,220th family: Newly emerged queen workers adjusting drones increasing eggs starting to fill and seven honey frames capped.
220,221st family: Queen vibrant workers industrious drones healthy eggs abundant and eleven frames heavy with honey.
221,222nd family: Queen missing sluggish workers scant drones sparse eggs and five honey frames only half filled.
222,223rd family: Queen visible workers energetic good drone population plenty of eggs and nine frames filled with honey.
223,224th family: Queen productive industrious workers sufficient drones high egg count and eight frames capped.
224,225th family: Queen in decline workers maintaining few drones low eggs and six honey frames half full.
225,226th family: Queen robust bustling workers numerous drones eggs filling cells and eight frames brimming with honey.
226,227th family: Queen absent low worker morale minimal drones few eggs and five honey frames barely touched.
227,228th family: Queen laying well vibrant workers active drones many eggs and ten honey frames topped off.
228,229th family: Queen old steady workers fair drone numbers moderate eggs and nine honey frames well-stocked.
229,230th family: Queen efficient busy workers good drone activity plentiful eggs and eight frames ready for extraction.
230,231st family: Queen missing lethargic workers reduced drone count poor egg output and six frames lacking honey.
232,233rd family: Queen weak slow workers few drones limited egg production and seven honey frames partially filled.
233,234th family: Queen vibrant active workers many drones well-laid eggs and nine honey frames capped.
234,235th family: Queen absent disorganized workers minimal drones scarce eggs and six frames underdeveloped.
235,236th family: Queen healthy hardworking workers plentiful drones prolific eggs with nine frames perfectly capped.
236,237th family: No queen seen disoriented worker bees dwindling drones few eggs with only six frames somewhat full.
239,240th family: Newly mated queen adjusting workers increasing drone activity beginning egg population with eight frames nearing capacity.
240,241st family: Queen in decline managing workers few drones dwindling eggs with seven frames only half full.
241,242nd family: Queen energetic industrious workers well-counted drones numerous eggs with ten frames rich in honey.
242,243rd family: Queen absent unmotivated workers sparse drones few eggs found and eight frames barely capped.
243,244th family: Queen laying efficiently active workers healthy drones plentiful eggs and nine honey frames well-stocked.
244,245th family: Queen aging steady workers reduced drones moderate eggs with nine frames filled with honey.
245,246th family: Queen productive busy workers ample drones high egg count and ten frames brimming with honey.
246,247th family: Queen not found minimal worker activity down drone count slow egg production and seven frames needing attention.
247,248th family: Queen vibrant numerous worker bees adequate drones eggs filling up and eleven honey frames topped off.
248,249th family: Queen struggling workers doing their best few drones low egg count with eight frames partially filled.
249,250th family: Queen excellent performing well workers plentiful drones well-laid eggs and all eleven honey frames capped and ready.
250,251st family: Queen recently seen active worker bees steady drone population plentiful eggs with ten honey frames nearly ready.
251,252nd family: Queen missing lethargic workers disappearing drones scarce eggs and only seven frames showing some honey.
252,253rd family: Queen healthy efficient workers numerous drones prolific eggs and eleven frames fully stocked with honey.
253,254th family: Queen vibrant energetic workers active drones abundant eggs and all frames filled to capacity.
254,255th family: Queen absent disorganized workers scarce drones few eggs laid and eight honey frames poorly stocked.
255,256th family: Queen present workers efficiently foraging drones active eggs numerous and eight honey frames fully utilized.
256,257th family: Queen not detected workers disoriented low drone count minimal egg laying and four honey frames underutilized.
257,258th family: Queen robust workers active ample drones good egg production and ten frames well-stocked with honey.
258,259th family: Queen aging workers steady limited drone activity moderate egg numbers and eight honey frames nearly filled.
264,265th family: Queen in decline workers maintaining few drones low egg count and six honey frames half full.
295,296th family: Queen present workers efficiently foraging drones active eggs numerous and nine honey frames fully utilized.
360,361st family: Queen observed workers efficient drones active high egg count and nine honey frames fully utilized.
361,362nd family: Queen not visible workers distressed drone count low minimal egg laying and three honey frames empty.
362,363rd family: Queen healthy workers bustling drones plentiful eggs numerous and ten frames brimming with honey.
363,364th family: Queen aging workers steady limited drones moderate egg production and six honey frames nearing capacity.
364,365th family: New queen workers adapting increasing drone presence eggs starting to populate and seven honey frames capped.
365,366th family: Queen vibrant workers busy healthy drones eggs abundant and eleven frames heavy with honey.
366,367th family: Queen missing sluggish workers few drones scarce eggs and four honey frames underfilled.
367,368th family: Queen visible active workers good drone population numerous eggs and eight honey frames filled.
368,369th family: Queen productive workers industrious drones adequate high egg production and six frames capped.
370,371st family: Queen robust bustling workers numerous drones eggs filling up cells and seven frames overflowing with honey.
371,372nd family: Queen absent worker morale low minimal drones few eggs and three honey frames barely used.
372,373rd family: Queen laying well vibrant workers active drones many eggs and nine honey frames topped.
376,377th family: Queen visible and healthy thriving workers sufficient drones abundant eggs and ten frames densely packed with honey.
378,379th family: Queen vibrant workers active drones plenty eggs well-laid and seven honey frames fully capped.
380,381st family: Queen healthy workers hardworking drones ample eggs prolific with eight frames perfectly capped.
381,382nd family: No queen seen workers disoriented drones dwindling eggs few with only two frames somewhat full.
382,383rd family: Queen present excelling workers optimal drone count eggs copious and all frames teeming with honey.
384,385th family: Newly mated queen adjusting workers increasing drone activity beginning egg population with six frames nearing capacity.
385,386th family: Queen in decline managing workers few drones dwindling eggs with five frames only half full.
387,388th family: Queen absent unmotivated workers sparse drones few eggs found and four frames barely capped.
389,390th family: Queen aging steady workers reduced drones moderate eggs with eight frames filled with honey.
391,392nd family: Queen not found minimal worker activity down drone count slow egg production and six frames needing attention.
392,393rd family: Queen vibrant numerous worker  bees adequate drones eggs filling up and eleven honey frames topped off.
393,394th family: Queen struggling workers doing their best few drones low egg count with seven frames partially filled.
394,395th family: Queen excellent performing well workers plentiful drones well-laid eggs and all ten honey frames capped and ready.
396,397th family: Queen missing lethargic workers disappearing drones scarce eggs and only five frames showing some honey.
397,398th family: Queen healthy efficient workers numerous drones prolific eggs and ten frames fully stocked with honey.
399,400th family: Queen absent disorganized workers scarce drones few eggs laid and seven honey frames poorly stocked.
401,402nd family: Queen not detected workers disoriented low drone count minimal egg laying and three honey frames underutilized.
410,"411th family: queen presence not strong, worker population stable but not thriving, honey production meeting minimal expectations, with reduced egg lay and some honey frames capped."
411,"412th family: queen presence not strong, workers managing despite challenges, adequate nectar and pollen collection, with few eggs present and honey frames slowly filling."
412,"413th family: potential queenless situation, workers managing despite challenges, forage yield moderate, with moderate count of eggs and honey frames slowly filling."
413,"414th family: questionable queenright status, workers exhibit some foraging behavior, reserves of honey and beeswax moderate, with few eggs present and some honey frames capped."
414,"415th family: queen observed but sluggish, workers managing despite challenges, forage yield moderate, with egg laying slower than usual and honey frames slowly filling."
415,"416th family: potential queenless situation, worker population stable but not thriving, forage yield moderate, with few eggs present and few honey frames partially filled."
416,"417th family: queen laying poorly, worker activity moderate, honey production meeting minimal expectations, with egg laying slower than usual and honey frames not fully stocked."
417,"418th family: queen presence not strong, worker population stable but not thriving, honey production meeting minimal expectations, with moderate count of eggs and honey frames slowly filling."
418,"419th family: questionable queenright status, worker activity moderate, reserves of honey and beeswax moderate, with few eggs present and honey frames slowly filling."
419,"420th family: potential queenless situation, worker activity moderate, satisfactory beeswax and propolis, with lower than expected number of eggs and honey frames underdeveloped."
420,"421st family: queen observed but sluggish, workers are somewhat active, adequate nectar and pollen collection, with few eggs present and honey frames slowly filling."
421,"422nd family: queen laying poorly, worker activity moderate, satisfactory beeswax and propolis, with egg laying slower than usual and honey frames slowly filling."
422,"423rd family: queen laying poorly, workers exhibit some foraging behavior, reserves of honey and beeswax moderate, with few eggs present and honey frames slowly filling."
423,"424th family: queen observed but sluggish, workers managing despite challenges, honey production meeting minimal expectations, with egg laying slower than usual and some honey frames capped."
424,"425th family: queen observed but sluggish, workers managing despite challenges, forage yield moderate, with egg laying slower than usual and honey frames underdeveloped."
425,"426th family: queen laying poorly, worker population stable but not thriving, honey production meeting minimal expectations, with egg laying slower than usual and some honey frames capped."
426,"427th family: queen observed but sluggish, worker population stable but not thriving, reserves of honey and beeswax moderate, with reduced egg lay and some honey frames capped."
427,"428th family: queen presence not strong, workers exhibit some foraging behavior, satisfactory beeswax and propolis, with reduced egg lay and honey frames not fully stocked."
428,"429th family: queen observed but sluggish, workers managing despite challenges, satisfactory beeswax and propolis, with lower than expected number of eggs and few honey frames partially filled."
429,"430th family: potential queenless situation, worker activity moderate, forage yield moderate, with few eggs present and some honey frames capped."
430,"431st family: queen observed but sluggish, worker population stable but not thriving, satisfactory beeswax and propolis, with moderate count of eggs and honey frames slowly filling."
431,"432nd family: questionable queenright status, workers managing despite challenges, forage yield moderate, with few eggs present and few honey frames partially filled."
432,"433rd family: queen laying poorly, workers exhibit some foraging behavior, forage yield moderate, with lower than expected number of eggs and some honey frames capped."
433,"434th family: queen laying poorly, worker activity moderate, forage yield moderate, with egg laying slower than usual and honey frames slowly filling."
434,"435th family: questionable queenright status, workers managing despite challenges, honey production meeting minimal expectations, with reduced egg lay and honey frames not fully stocked."
435,"436th family: questionable queenright status, workers exhibit some foraging behavior, honey production meeting minimal expectations, with reduced egg lay and honey frames not fully stocked."
436,"437th family: potential queenless situation, workers managing despite challenges, forage yield moderate, with moderate count of eggs and honey frames underdeveloped."
437,"438th family: questionable queenright status, workers exhibit some foraging behavior, adequate nectar and pollen collection, with egg laying slower than usual and few honey frames partially filled."
438,"439th family: queen laying poorly, workers are somewhat active, adequate nectar and pollen collection, with lower than expected number of eggs and honey frames underdeveloped."
439,"440th family: questionable queenright status, workers managing despite challenges, adequate nectar and pollen collection, with moderate count of eggs and honey frames slowly filling."
440,"441st family: potential queenless situation, workers are somewhat active, adequate nectar and pollen collection, with moderate count of eggs and few honey frames partially filled."
441,"442nd family: questionable queenright status, workers are somewhat active, adequate nectar and pollen collection, with few eggs present and honey frames underdeveloped."
442,"443rd family: queen observed but sluggish, workers managing despite challenges, adequate nectar and pollen collection, with few eggs present and few honey frames partially filled."
443,"444th family: queen presence not strong, worker activity moderate, satisfactory beeswax and propolis, with few eggs present and honey frames not fully stocked."
444,"445th family: queen laying poorly, workers are somewhat active, adequate nectar and pollen collection, with reduced egg lay and few honey frames partially filled."
445,"446th family: questionable queenright status, workers exhibit some foraging behavior, adequate nectar and pollen collection, with moderate count of eggs and honey frames underdeveloped."
446,"447th family: potential queenless situation, workers are somewhat active, forage yield moderate, with moderate count of eggs and some honey frames capped."
447,"448th family: queen laying poorly, worker activity moderate, forage yield moderate, with few eggs present and honey frames slowly filling."
448,"449th family: queen laying poorly, worker population stable but not thriving, reserves of honey and beeswax moderate, with egg laying slower than usual and honey frames not fully stocked."
449,"450th family: queen presence not strong, workers managing despite challenges, satisfactory beeswax and propolis, with moderate count of eggs and honey frames not fully stocked."
450,"451st family: potential queenless situation, worker population stable but not thriving, forage yield moderate, with few eggs present and honey frames not fully stocked."
451,"452nd family: potential queenless situation, worker activity moderate, reserves of honey and beeswax moderate, with egg laying slower than usual and honey frames slowly filling."
452,"453rd family: queen observed but sluggish, worker activity moderate, forage yield moderate, with egg laying slower than usual and honey frames underdeveloped."
453,"454th family: queen observed but sluggish, workers are somewhat active, forage yield moderate, with reduced egg lay and few honey frames partially filled."
454,"455th family: queen presence not strong, worker activity moderate, forage yield moderate, with few eggs present and few honey frames partially filled."
455,"456th family: queen observed but sluggish, workers are somewhat active, satisfactory beeswax and propolis, with egg laying slower than usual and honey frames underdeveloped."
456,"457th family: questionable queenright status, worker population stable but not thriving, satisfactory beeswax and propolis, with reduced egg lay and few honey frames partially filled."
457,"458th family: potential queenless situation, workers are somewhat active, honey production meeting minimal expectations, with lower than expected number of eggs and honey frames underdeveloped."
458,"459th family: questionable queenright status, workers are somewhat active, satisfactory beeswax and propolis, with lower than expected number of eggs and honey frames not fully stocked."
460,"461st family: potential queenless situation, worker population stable but not thriving, adequate nectar and pollen collection, with reduced egg lay and few honey frames partially filled."
461,"462nd family: queen observed but sluggish, workers exhibit some foraging behavior, forage yield moderate, with lower than expected number of eggs and honey frames slowly filling."
462,"463rd family: queen laying poorly, worker population stable but not thriving, satisfactory beeswax and propolis, with egg laying slower than usual and honey frames underdeveloped."
463,"464th family: queen presence not strong, worker activity moderate, adequate nectar and pollen collection, with reduced egg lay and some honey frames capped."
464,"465th family: queen laying poorly, workers are somewhat active, satisfactory beeswax and propolis, with reduced egg lay and some honey frames capped."
465,"466th family: queen laying poorly, worker population stable but not thriving, satisfactory beeswax and propolis, with moderate count of eggs and honey frames underdeveloped."
466,"467th family: queen laying poorly, workers exhibit some foraging behavior, honey production meeting minimal expectations, with few eggs present and honey frames slowly filling."
467,"468th family: potential queenless situation, workers exhibit some foraging behavior, honey production meeting minimal expectations, with few eggs present and honey frames underdeveloped."
468,"469th family: queen laying poorly, workers managing despite challenges, adequate nectar and pollen collection, with moderate count of eggs and honey frames slowly filling."
469,"470th family: potential queenless situation, worker population stable but not thriving, reserves of honey and beeswax moderate, with moderate count of eggs and honey frames underdeveloped."
470,"471st family: queen presence not strong, workers exhibit some foraging behavior, adequate nectar and pollen collection, with lower than expected number of eggs and honey frames slowly filling."
471,"472nd family: questionable queenright status, workers exhibit some foraging behavior, honey production meeting minimal expectations, with lower than expected number of eggs and some honey frames capped."
473,"474th family: potential queenless situation, worker activity moderate, adequate nectar and pollen collection, with egg laying slower than usual and honey frames slowly filling."
474,"475th family: queen observed but sluggish, workers exhibit some foraging behavior, satisfactory beeswax and propolis, with reduced egg lay and honey frames underdeveloped."
475,"476th family: potential queenless situation, worker activity moderate, forage yield moderate, with reduced egg lay and honey frames slowly filling."
476,"477th family: queen observed but sluggish, worker population stable but not thriving, reserves of honey and beeswax moderate, with egg laying slower than usual and honey frames underdeveloped."
477,"478th family: potential queenless situation, workers are somewhat active, reserves of honey and beeswax moderate, with moderate count of eggs and honey frames slowly filling."
478,"479th family: queen observed but sluggish, workers managing despite challenges, satisfactory beeswax and propolis, with lower than expected number of eggs and honey frames underdeveloped."
479,"480th family: queen laying poorly, workers are somewhat active, reserves of honey and beeswax moderate, with lower than expected number of eggs and few honey frames partially filled."
480,"481st family: queen observed but sluggish, worker activity moderate, adequate nectar and pollen collection, with moderate count of eggs and honey frames underdeveloped."
481,"482nd family: questionable queenright status, workers are somewhat active, reserves of honey and beeswax moderate, with moderate count of eggs and honey frames underdeveloped."
482,"483rd family: potential queenless situation, worker population stable but not thriving, honey production meeting minimal expectations, with lower than expected number of eggs and honey frames underdeveloped."
483,"484th family: questionable queenright status, workers managing despite challenges, adequate nectar and pollen collection, with reduced egg lay and few honey frames partially filled."
484,"485th family: queen laying poorly, worker population stable but not thriving, honey production meeting minimal expectations, with few eggs present and honey frames slowly filling."
485,"486th family: potential queenless situation, workers exhibit some foraging behavior, forage yield moderate, with reduced egg lay and honey frames slowly filling."
486,"487th family: potential queenless situation, worker activity moderate, honey production meeting minimal expectations, with lower than expected number of eggs and honey frames underdeveloped."
487,"488th family: queen observed but sluggish, workers are somewhat active, satisfactory beeswax and propolis, with reduced egg lay and some honey frames capped."
488,"489th family: queen presence not strong, worker population stable but not thriving, adequate nectar and pollen collection, with few eggs present and few honey frames partially filled."
489,"490th family: queen laying poorly, workers are somewhat active, honey production meeting minimal expectations, with few eggs present and honey frames not fully stocked."
490,"491st family: questionable queenright status, workers are somewhat active, honey production meeting minimal expectations, with egg laying slower than usual and honey frames slowly filling."
491,"492nd family: queen observed but sluggish, worker activity moderate, forage yield moderate, with moderate count of eggs and honey frames slowly filling."
492,"493rd family: queen observed but sluggish, worker activity moderate, honey production meeting minimal expectations, with reduced egg lay and honey frames not fully stocked."
493,"494th family: queen laying poorly, worker population stable but not thriving, reserves of honey and beeswax moderate, with few eggs present and some honey frames capped."
494,"495th family: queen presence not strong, workers are somewhat active, adequate nectar and pollen collection, with lower than expected number of eggs and honey frames not fully stocked."
495,"496th family: queen presence not strong, workers exhibit some foraging behavior, adequate nectar and pollen collection, with lower than expected number of eggs and few honey frames partially filled."
496,"497th family: queen presence not strong, worker activity moderate, forage yield moderate, with egg laying slower than usual and honey frames slowly filling."
497,"498th family: potential queenless situation, workers exhibit some foraging behavior, reserves of honey and beeswax moderate, with moderate count of eggs and some honey frames capped."
498,"499th family: queen observed but sluggish, worker population stable but not thriving, honey production meeting minimal expectations, with reduced egg lay and honey frames slowly filling."
500,"501st family: queen presence not strong, workers managing despite challenges, adequate nectar and pollen collection, with egg laying slower than usual and honey frames underdeveloped."
501,"502nd family: queen presence not strong, worker population stable but not thriving, forage yield moderate, with lower than expected number of eggs and few honey frames partially filled."
502,"503rd family: potential queenless situation, worker activity moderate, reserves of honey and beeswax moderate, with moderate count of eggs and some honey frames capped."
503,"504th family: queen observed but sluggish, workers are somewhat active, reserves of honey and beeswax moderate, with egg laying slower than usual and some honey frames capped."
504,"505th family: queen observed but sluggish, worker activity moderate, reserves of honey and beeswax moderate, with moderate count of eggs and some honey frames capped."
505,"506th family: queen laying poorly, workers are somewhat active, reserves of honey and beeswax moderate, with few eggs present and few honey frames partially filled."
506,"507th family: queen observed but sluggish, workers exhibit some foraging behavior, reserves of honey and beeswax moderate, with lower than expected number of eggs and honey frames slowly filling."
507,"508th family: questionable queenright status, worker activity moderate, reserves of honey and beeswax moderate, with egg laying slower than usual and some honey frames capped."
508,"509th family: queen observed but sluggish, worker activity moderate, adequate nectar and pollen collection, with few eggs present and some honey frames capped."
509,"510th family: queen observed but sluggish, workers are somewhat active, satisfactory beeswax and propolis, with lower than expected number of eggs and honey frames slowly filling."
510,"511th family: questionable queenright status, workers managing despite challenges, satisfactory beeswax and propolis, with lower than expected number of eggs and honey frames not fully stocked."
511,"512th family: queen presence not strong, worker activity moderate, satisfactory beeswax and propolis, with reduced egg lay and some honey frames capped."
512,"513th family: queen observed but sluggish, workers exhibit some foraging behavior, adequate nectar and pollen collection, with lower than expected number of eggs and some honey frames capped."
513,"514th family: queen presence not strong, workers exhibit some foraging behavior, forage yield moderate, with reduced egg lay and honey frames not fully stocked."
514,"515th family: questionable queenright status, workers are somewhat active, reserves of honey and beeswax moderate, with egg laying slower than usual and few honey frames partially filled."
515,"516th family: queen laying poorly, workers managing despite challenges, adequate nectar and pollen collection, with reduced egg lay and honey frames underdeveloped."
516,"517th family: queen presence not strong, workers managing despite challenges, satisfactory beeswax and propolis, with moderate count of eggs and few honey frames partially filled."
517,"518th family: questionable queenright status, worker population stable but not thriving, reserves of honey and beeswax moderate, with egg laying slower than usual and honey frames slowly filling."
518,"519th family: queen laying poorly, worker population stable but not thriving, honey production meeting minimal expectations, with reduced egg lay and honey frames not fully stocked."
519,"520th family: questionable queenright status, worker population stable but not thriving, adequate nectar and pollen collection, with egg laying slower than usual and honey frames not fully stocked."
520,"521st family: queen presence not strong, workers managing despite challenges, adequate nectar and pollen collection, with reduced egg lay and some honey frames capped."
521,"522nd family: questionable queenright status, workers exhibit some foraging behavior, reserves of honey and beeswax moderate, with reduced egg lay and few honey frames partially filled."
522,"523rd family: queen laying poorly, workers managing despite challenges, adequate nectar and pollen collection, with reduced egg lay and few honey frames partially filled."
523,"524th family: questionable queenright status, worker population stable but not thriving, satisfactory beeswax and propolis, with lower than expected number of eggs and honey frames underdeveloped."
524,"525th family: queen observed but sluggish, workers are somewhat active, adequate nectar and pollen collection, with egg laying slower than usual and honey frames underdeveloped."
525,"526th family: potential queenless situation, workers are somewhat active, honey production meeting minimal expectations, with lower than expected number of eggs and few honey frames partially filled."
526,"527th family: queen laying poorly, worker activity moderate, adequate nectar and pollen collection, with few eggs present and honey frames underdeveloped."
527,"528th family: queen laying poorly, worker activity moderate, satisfactory beeswax and propolis, with moderate count of eggs and honey frames slowly filling."
528,"529th family: potential queenless situation, workers are somewhat active, reserves of honey and beeswax moderate, with moderate count of eggs and honey frames underdeveloped."
529,"530th family: questionable queenright status, workers exhibit some foraging behavior, reserves of honey and beeswax moderate, with reduced egg lay and honey frames slowly filling."
530,"531st family: queen observed but sluggish, worker activity moderate, honey production meeting minimal expectations, with lower than expected number of eggs and honey frames underdeveloped."
531,"532nd family: queen presence not strong, workers managing despite challenges, satisfactory beeswax and propolis, with egg laying slower than usual and honey frames not fully stocked."
532,"533rd family: queen laying poorly, worker population stable but not thriving, reserves of honey and beeswax moderate, with few eggs present and honey frames underdeveloped."
533,"534th family: queen observed but sluggish, worker activity moderate, forage yield moderate, with moderate count of eggs and some honey frames capped."
534,"535th family: queen presence not strong, workers managing despite challenges, satisfactory beeswax and propolis, with egg laying slower than usual and few honey frames partially filled."
535,"536th family: queen laying poorly, workers managing despite challenges, reserves of honey and beeswax moderate, with reduced egg lay and some honey frames capped."
536,"537th family: queen laying poorly, worker population stable but not thriving, adequate nectar and pollen collection, with lower than expected number of eggs and honey frames slowly filling."
537,"538th family: queen presence not strong, workers exhibit some foraging behavior, reserves of honey and beeswax moderate, with few eggs present and few honey frames partially filled."
538,"539th family: queen observed but sluggish, worker population stable but not thriving, reserves of honey and beeswax moderate, with few eggs present and honey frames not fully stocked."
539,"540th family: queen observed but sluggish, worker activity moderate, forage yield moderate, with lower than expected number of eggs and few honey frames partially filled."
540,"541st family: queen observed but sluggish, workers exhibit some foraging behavior, reserves of honey and beeswax moderate, with few eggs present and honey frames not fully stocked."
541,"542nd family: queen laying poorly, workers are somewhat active, honey production meeting minimal expectations, with lower than expected number of eggs and few honey frames partially filled."
543,"544th family: queen laying poorly, workers managing despite challenges, reserves of honey and beeswax moderate, with lower than expected number of eggs and some honey frames capped."
544,"545th family: queen presence not strong, worker activity moderate, forage yield moderate, with reduced egg lay and honey frames slowly filling."
545,"546th family: queen laying poorly, workers are somewhat active, satisfactory beeswax and propolis, with few eggs present and honey frames slowly filling."
546,"547th family: questionable queenright status, workers are somewhat active, reserves of honey and beeswax moderate, with moderate count of eggs and honey frames not fully stocked."
547,"548th family: questionable queenright status, worker population stable but not thriving, satisfactory beeswax and propolis, with moderate count of eggs and some honey frames capped."
548,"549th family: queen observed but sluggish, workers exhibit some foraging behavior, satisfactory beeswax and propolis, with few eggs present and honey frames underdeveloped."
549,"550th family: queen laying poorly, workers are somewhat active, adequate nectar and pollen collection, with few eggs present and honey frames not fully stocked."
550,"551st family: potential queenless situation, worker activity moderate, honey production meeting minimal expectations, with moderate count of eggs and some honey frames capped."
551,"552nd family: queen presence not strong, workers managing despite challenges, reserves of honey and beeswax moderate, with egg laying slower than usual and honey frames underdeveloped."
552,"553rd family: queen laying poorly, worker population stable but not thriving, adequate nectar and pollen collection, with few eggs present and few honey frames partially filled."
553,"554th family: potential queenless situation, worker activity moderate, satisfactory beeswax and propolis, with reduced egg lay and honey frames underdeveloped."
554,"555th family: questionable queenright status, worker activity moderate, honey production meeting minimal expectations, with few eggs present and honey frames not fully stocked."
555,"556th family: potential queenless situation, workers are somewhat active, reserves of honey and beeswax moderate, with lower than expected number of eggs and honey frames underdeveloped."
556,"557th family: queen observed but sluggish, worker population stable but not thriving, forage yield moderate, with lower than expected number of eggs and some honey frames capped."
557,"558th family: questionable queenright status, worker activity moderate, satisfactory beeswax and propolis, with reduced egg lay and some honey frames capped."
558,"559th family: queen observed but sluggish, worker population stable but not thriving, forage yield moderate, with moderate count of eggs and honey frames underdeveloped."
559,"560th family: questionable queenright status, worker activity moderate, reserves of honey and beeswax moderate, with few eggs present and some honey frames capped."
560,"561st family: queen observed but sluggish, workers are somewhat active, reserves of honey and beeswax moderate, with few eggs present and few honey frames partially filled."
561,"562nd family: potential queenless situation, workers exhibit some foraging behavior, adequate nectar and pollen collection, with few eggs present and honey frames slowly filling."
562,"563rd family: questionable queenright status, worker activity moderate, satisfactory beeswax and propolis, with lower than expected number of eggs and honey frames slowly filling."
563,"564th family: potential queenless situation, workers exhibit some foraging behavior, satisfactory beeswax and propolis, with reduced egg lay and few honey frames partially filled."
564,"565th family: potential queenless situation, workers managing despite challenges, honey production meeting minimal expectations, with few eggs present and honey frames underdeveloped."
565,"566th family: potential queenless situation, workers managing despite challenges, adequate nectar and pollen collection, with egg laying slower than usual and honey frames underdeveloped."
566,"567th family: queen laying poorly, workers exhibit some foraging behavior, adequate nectar and pollen collection, with egg laying slower than usual and honey frames underdeveloped."
567,"568th family: potential queenless situation, workers exhibit some foraging behavior, forage yield moderate, with few eggs present and few honey frames partially filled."
568,"569th family: queen observed but sluggish, workers managing despite challenges, satisfactory beeswax and propolis, with egg laying slower than usual and honey frames slowly filling."
569,"570th family: queen laying poorly, workers exhibit some foraging behavior, forage yield moderate, with egg laying slower than usual and honey frames slowly filling."
570,"571st family: queen observed but sluggish, worker population stable but not thriving, adequate nectar and pollen collection, with lower than expected number of eggs and honey frames slowly filling."
571,"572nd family: queen observed but sluggish, workers exhibit some foraging behavior, adequate nectar and pollen collection, with lower than expected number of eggs and honey frames slowly filling."
572,"573rd family: potential queenless situation, workers exhibit some foraging behavior, adequate nectar and pollen collection, with reduced egg lay and some honey frames capped."
573,"574th family: queen laying poorly, workers exhibit some foraging behavior, reserves of honey and beeswax moderate, with lower than expected number of eggs and some honey frames capped."
574,"575th family: queen presence not strong, worker population stable but not thriving, reserves of honey and beeswax moderate, with few eggs present and few honey frames partially filled."
575,"576th family: queen laying poorly, worker activity moderate, satisfactory beeswax and propolis, with few eggs present and some honey frames capped."
576,"577th family: queen observed but sluggish, workers are somewhat active, reserves of honey and beeswax moderate, with reduced egg lay and honey frames not fully stocked."
577,"578th family: potential queenless situation, workers managing despite challenges, reserves of honey and beeswax moderate, with few eggs present and some honey frames capped."
578,"579th family: queen presence not strong, worker activity moderate, reserves of honey and beeswax moderate, with lower than expected number of eggs and honey frames not fully stocked."
579,"580th family: queen observed but sluggish, worker activity moderate, adequate nectar and pollen collection, with reduced egg lay and some honey frames capped."
580,"581st family: queen presence not strong, worker population stable but not thriving, adequate nectar and pollen collection, with lower than expected number of eggs and some honey frames capped."
581,"582nd family: questionable queenright status, workers are somewhat active, honey production meeting minimal expectations, with moderate count of eggs and some honey frames capped."
582,"583rd family: queen laying poorly, workers are somewhat active, honey production meeting minimal expectations, with moderate count of eggs and some honey frames capped."
583,"584th family: questionable queenright status, worker population stable but not thriving, honey production meeting minimal expectations, with moderate count of eggs and few honey frames partially filled."
584,"585th family: questionable queenright status, workers are somewhat active, satisfactory beeswax and propolis, with moderate count of eggs and honey frames slowly filling."
585,"586th family: queen observed but sluggish, workers are somewhat active, forage yield moderate, with reduced egg lay and some honey frames capped."
586,"587th family: questionable queenright status, workers managing despite challenges, honey production meeting minimal expectations, with moderate count of eggs and few honey frames partially filled."
587,"588th family: potential queenless situation, worker activity moderate, satisfactory beeswax and propolis, with lower than expected number of eggs and few honey frames partially filled."
588,"589th family: queen presence not strong, workers are somewhat active, adequate nectar and pollen collection, with few eggs present and honey frames slowly filling."
589,"590th family: queen presence not strong, workers managing despite challenges, forage yield moderate, with lower than expected number of eggs and few honey frames partially filled."
591,"592nd family: questionable queenright status, workers exhibit some foraging behavior, reserves of honey and beeswax moderate, with egg laying slower than usual and honey frames underdeveloped."
592,"593rd family: potential queenless situation, workers managing despite challenges, reserves of honey and beeswax moderate, with reduced egg lay and honey frames slowly filling."
593,"594th family: queen laying poorly, workers exhibit some foraging behavior, honey production meeting minimal expectations, with moderate count of eggs and some honey frames capped."
594,"595th family: queen laying poorly, worker activity moderate, honey production meeting minimal expectations, with egg laying slower than usual and few honey frames partially filled."
595,"596th family: queen laying poorly, workers are somewhat active, honey production meeting minimal expectations, with reduced egg lay and honey frames not fully stocked."
596,"597th family: potential queenless situation, worker activity moderate, forage yield moderate, with egg laying slower than usual and honey frames slowly filling."
597,"598th family: questionable queenright status, workers managing despite challenges, adequate nectar and pollen collection, with moderate count of eggs and few honey frames partially filled."
598,"599th family: potential queenless situation, worker activity moderate, forage yield moderate, with moderate count of eggs and few honey frames partially filled."
599,"600th family: queen presence not strong, workers are somewhat active, honey production meeting minimal expectations, with reduced egg lay and honey frames underdeveloped."
600,"601st family: queen laying poorly, workers are somewhat active, forage yield moderate, with lower than expected number of eggs and honey frames underdeveloped."
601,"602nd family: potential queenless situation, worker population stable but not thriving, honey production meeting minimal expectations, with lower than expected number of eggs and few honey frames partially filled."
602,"603rd family: queen laying poorly, worker population stable but not thriving, honey production meeting minimal expectations, with moderate count of eggs and honey frames underdeveloped."
603,"604th family: queen presence not strong, worker activity moderate, honey production meeting minimal expectations, with reduced egg lay and honey frames slowly filling."
604,"605th family: queen presence not strong, worker activity moderate, reserves of honey and beeswax moderate, with egg laying slower than usual and honey frames not fully stocked."
605,"606th family: potential queenless situation, worker population stable but not thriving, honey production meeting minimal expectations, with egg laying slower than usual and some honey frames capped."
607,"608th family: potential queenless situation, workers exhibit some foraging behavior, honey production meeting minimal expectations, with few eggs present and honey frames slowly filling."
608,"609th family: queen observed but sluggish, workers managing despite challenges, adequate nectar and pollen collection, with lower than expected number of eggs and few honey frames partially filled."
609,"610th family: potential queenless situation, workers managing despite challenges, adequate nectar and pollen collection, with reduced egg lay and honey frames slowly filling."
610,"611th family: queen presence weak, workers show resilience despite hardship, poor amount of beeswax and propolis, with scarce count of eggs and no honey frames filled."
611,"612th family: queenright uncertain, worker activity low, honey production below expectations, with egg laying stalled and honey frames unattended."
612,"613th family: queen observed lethargic, workers are lethargic, honey production below expectations, with scarce count of eggs and honey frames showing no progress."
613,"614th family: queenright uncertain, workers show resilience despite hardship, nectar and pollen collection minimal, with hopeless number of eggs and honey frames showing no progress."
614,"615th family: queenless situation confirmed, workers exhibit minimal foraging behavior, reserves of honey and beeswax low, with negligible egg lay and honey frames abandoned."
615,"616th family: queen is missing, workers exhibit minimal foraging behavior, poor amount of beeswax and propolis, with hopeless number of eggs and honey frames showing no progress."
616,"617th family: queenright uncertain, workers exhibit minimal foraging behavior, reserves of honey and beeswax low, with no eggs observed and no honey frames filled."
617,"618th family: queen presence weak, worker activity low, reserves of honey and beeswax low, with hopeless number of eggs and honey frames abandoned."
618,"619th family: queenless situation confirmed, worker population is dwindling, nectar and pollen collection minimal, with scarce count of eggs and honey frames showing no progress."
619,"620th family: queen observed lethargic, worker activity low, nectar and pollen collection minimal, with hopeless number of eggs and honey frames empty."
620,"621st family: queen observed lethargic, workers show resilience despite hardship, honey production below expectations, with scarce count of eggs and honey frames unattended."
621,"622nd family: queenless situation confirmed, workers are lethargic, reserves of honey and beeswax low, with egg laying stalled and honey frames showing no progress."
622,"623rd family: queenright uncertain, workers show resilience despite hardship, nectar and pollen collection minimal, with egg laying stalled and no honey frames filled."
623,"624th family: queen presence weak, worker activity low, reserves of honey and beeswax low, with egg laying stalled and honey frames unattended."
624,"625th family: queen observed lethargic, workers show resilience despite hardship, poor amount of beeswax and propolis, with hopeless number of eggs and honey frames unattended."
625,"626th family: queenright uncertain, worker population is dwindling, honey production below expectations, with scarce count of eggs and no honey frames filled."
626,"627th family: queenright uncertain, workers are lethargic, reserves of honey and beeswax low, with negligible egg lay and honey frames abandoned."
627,"628th family: queenless situation confirmed, workers show resilience despite hardship, reserves of honey and beeswax low, with no eggs observed and honey frames unattended."
628,"629th family: queenless situation confirmed, worker population is dwindling, poor amount of beeswax and propolis, with scarce count of eggs and no honey frames filled."
629,"630th family: queen observed lethargic, worker activity low, honey production below expectations, with no eggs observed and honey frames empty."
630,"631st family: queenright uncertain, workers exhibit minimal foraging behavior, poor amount of beeswax and propolis, with negligible egg lay and honey frames unattended."
631,"632nd family: queen is missing, workers show resilience despite hardship, reserves of honey and beeswax low, with egg laying stalled and honey frames showing no progress."
632,"633rd family: queen observed lethargic, worker population is dwindling, poor amount of beeswax and propolis, with scarce count of eggs and no honey frames filled."
633,"634th family: queenless situation confirmed, worker activity low, nectar and pollen collection minimal, with negligible egg lay and honey frames empty."
634,"635th family: queen observed lethargic, worker activity low, poor amount of beeswax and propolis, with scarce count of eggs and honey frames unattended."
635,"636th family: queen presence weak, worker activity low, reserves of honey and beeswax low, with scarce count of eggs and no honey frames filled."
636,"637th family: queen presence weak, worker activity low, poor amount of beeswax and propolis, with egg laying stalled and no honey frames filled."
637,"638th family: queenless situation confirmed, worker activity low, reserves of honey and beeswax low, with no eggs observed and no honey frames filled."
638,"639th family: queenright uncertain, workers are lethargic, reserves of honey and beeswax low, with egg laying stalled and honey frames abandoned."
639,"640th family: queenless situation confirmed, workers show resilience despite hardship, poor amount of beeswax and propolis, with scarce count of eggs and honey frames unattended."
640,"641st family: queenright uncertain, worker population is dwindling, poor amount of beeswax and propolis, with hopeless number of eggs and honey frames abandoned."
641,"642nd family: queen observed lethargic, worker population is dwindling, poor amount of beeswax and propolis, with no eggs observed and no honey frames filled."
642,"643rd family: queen observed lethargic, worker activity low, honey production below expectations, with egg laying stalled and no honey frames filled."
643,"644th family: queenright uncertain, workers exhibit minimal foraging behavior, forage yield very low, with no eggs observed and honey frames abandoned."
644,"645th family: queen presence weak, workers exhibit minimal foraging behavior, reserves of honey and beeswax low, with egg laying stalled and honey frames unattended."
645,"646th family: queenless situation confirmed, workers exhibit minimal foraging behavior, poor amount of beeswax and propolis, with egg laying stalled and honey frames abandoned."
646,"647th family: queenless situation confirmed, workers exhibit minimal foraging behavior, honey production below expectations, with egg laying stalled and honey frames showing no progress."
647,"648th family: queen is missing, workers exhibit minimal foraging behavior, honey production below expectations, with negligible egg lay and honey frames unattended."
648,"649th family: queen observed lethargic, worker population is dwindling, forage yield very low, with egg laying stalled and honey frames empty."
649,"650th family: queenless situation confirmed, workers show resilience despite hardship, forage yield very low, with scarce count of eggs and honey frames abandoned."
650,"651st family: queen presence weak, worker activity low, forage yield very low, with egg laying stalled and honey frames showing no progress."
651,"652nd family: queenright uncertain, workers show resilience despite hardship, forage yield very low, with negligible egg lay and honey frames unattended."
652,"653rd family: queenright uncertain, workers show resilience despite hardship, poor amount of beeswax and propolis, with egg laying stalled and honey frames showing no progress."
653,"654th family: queen presence weak, worker population is dwindling, poor amount of beeswax and propolis, with hopeless number of eggs and honey frames empty."
654,"655th family: queen is missing, workers are lethargic, reserves of honey and beeswax low, with scarce count of eggs and honey frames empty."
655,"656th family: queen presence weak, worker activity low, poor amount of beeswax and propolis, with scarce count of eggs and honey frames abandoned."
656,"657th family: queen is missing, workers are lethargic, reserves of honey and beeswax low, with negligible egg lay and no honey frames filled."
657,"658th family: queenless situation confirmed, workers are lethargic, honey production below expectations, with no eggs observed and honey frames unattended."
658,"659th family: queenright uncertain, worker population is dwindling, forage yield very low, with no eggs observed and honey frames empty."
659,"660th family: queenless situation confirmed, workers exhibit minimal foraging behavior, forage yield very low, with negligible egg lay and honey frames empty."
660,"661st family: queenless situation confirmed, workers are lethargic, poor amount of beeswax and propolis, with negligible egg lay and no honey frames filled."
661,"662nd family: queen is missing, workers show resilience despite hardship, forage yield very low, with no eggs observed and honey frames unattended."
662,"663rd family: queen presence weak, worker activity low, honey production below expectations, with scarce count of eggs and honey frames unattended."
663,"664th family: queen presence weak, workers show resilience despite hardship, nectar and pollen collection minimal, with negligible egg lay and honey frames abandoned."
664,"665th family: queenright uncertain, worker population is dwindling, honey production below expectations, with scarce count of eggs and honey frames unattended."
665,"666th family: queen observed lethargic, workers show resilience despite hardship, reserves of honey and beeswax low, with negligible egg lay and honey frames abandoned."
667,"668th family: queen observed lethargic, workers show resilience despite hardship, poor amount of beeswax and propolis, with negligible egg lay and no honey frames filled."
668,"669th family: queenless situation confirmed, workers show resilience despite hardship, honey production below expectations, with hopeless number of eggs and honey frames showing no progress."
669,"670th family: queenless situation confirmed, worker population is dwindling, poor amount of beeswax and propolis, with negligible egg lay and honey frames unattended."
670,"671st family: queenright uncertain, worker activity low, reserves of honey and beeswax low, with no eggs observed and no honey frames filled."
671,"672nd family: queen is missing, workers are lethargic, nectar and pollen collection minimal, with hopeless number of eggs and no honey frames filled."
672,"673rd family: queenless situation confirmed, workers are lethargic, poor amount of beeswax and propolis, with egg laying stalled and honey frames abandoned."
673,"674th family: queen observed lethargic, workers show resilience despite hardship, forage yield very low, with no eggs observed and honey frames empty."
674,"675th family: queenright uncertain, worker activity low, poor amount of beeswax and propolis, with negligible egg lay and no honey frames filled."
675,"676th family: queenright uncertain, workers are lethargic, reserves of honey and beeswax low, with no eggs observed and honey frames empty."
676,"677th family: queenless situation confirmed, workers are lethargic, poor amount of beeswax and propolis, with scarce count of eggs and honey frames abandoned."
677,"678th family: queen is missing, worker activity low, forage yield very low, with egg laying stalled and honey frames empty."
678,"679th family: queen presence weak, workers exhibit minimal foraging behavior, honey production below expectations, with scarce count of eggs and honey frames showing no progress."
679,"680th family: queenless situation confirmed, worker activity low, nectar and pollen collection minimal, with egg laying stalled and honey frames unattended."
680,"681st family: queen is missing, workers exhibit minimal foraging behavior, forage yield very low, with hopeless number of eggs and honey frames empty."
681,"682nd family: queen presence weak, worker activity low, reserves of honey and beeswax low, with negligible egg lay and honey frames empty."
682,"683rd family: queen observed lethargic, worker activity low, honey production below expectations, with scarce count of eggs and honey frames unattended."
683,"684th family: queen is missing, worker population is dwindling, poor amount of beeswax and propolis, with no eggs observed and honey frames unattended."
684,"685th family: queen is missing, workers show resilience despite hardship, reserves of honey and beeswax low, with negligible egg lay and honey frames empty."
685,"686th family: queen is missing, worker population is dwindling, poor amount of beeswax and propolis, with egg laying stalled and honey frames empty."
686,"687th family: queenless situation confirmed, worker population is dwindling, forage yield very low, with negligible egg lay and honey frames empty."
687,"688th family: queenright uncertain, worker population is dwindling, reserves of honey and beeswax low, with hopeless number of eggs and honey frames abandoned."
688,"689th family: queen observed lethargic, workers show resilience despite hardship, honey production below expectations, with no eggs observed and honey frames showing no progress."
689,"690th family: queenright uncertain, worker population is dwindling, poor amount of beeswax and propolis, with negligible egg lay and honey frames showing no progress."
690,"691st family: queen is missing, worker population is dwindling, honey production below expectations, with egg laying stalled and honey frames abandoned."
691,"692nd family: queen is missing, workers show resilience despite hardship, reserves of honey and beeswax low, with egg laying stalled and honey frames empty."
692,"693rd family: queen observed lethargic, worker activity low, poor amount of beeswax and propolis, with egg laying stalled and honey frames unattended."
693,"694th family: queen is missing, worker population is dwindling, nectar and pollen collection minimal, with negligible egg lay and no honey frames filled."
694,"695th family: queen observed lethargic, workers exhibit minimal foraging behavior, nectar and pollen collection minimal, with egg laying stalled and no honey frames filled."
695,"696th family: queen observed lethargic, workers show resilience despite hardship, poor amount of beeswax and propolis, with no eggs observed and honey frames empty."
696,"697th family: queenless situation confirmed, worker population is dwindling, forage yield very low, with no eggs observed and honey frames abandoned."
697,"698th family: queen presence weak, workers exhibit minimal foraging behavior, poor amount of beeswax and propolis, with egg laying stalled and honey frames abandoned."
698,"699th family: queen presence weak, workers show resilience despite hardship, forage yield very low, with negligible egg lay and honey frames showing no progress."
699,"700th family: queen presence weak, workers exhibit minimal foraging behavior, poor amount of beeswax and propolis, with no eggs observed and honey frames empty."
700,"701st family: queen observed lethargic, worker activity low, reserves of honey and beeswax low, with egg laying stalled and honey frames empty."
701,"702nd family: queenless situation confirmed, workers exhibit minimal foraging behavior, nectar and pollen collection minimal, with egg laying stalled and honey frames showing no progress."
702,"703rd family: queenright uncertain, worker activity low, honey production below expectations, with egg laying stalled and honey frames showing no progress."
703,"704th family: queen observed lethargic, worker population is dwindling, forage yield very low, with negligible egg lay and honey frames showing no progress."
